,Id,R,Nome,Squadra,Pg,Mv,Mf,Gf,Gs,Rp,Rc,R+,R-,Ass,Amm,Esp,Au
0,3,P,RADUNOVIC,Cagliari,3,6.33,5.67,0,5,1,0,0,0,0,0,0,0
1,4,P,SPORTIELLO,Atalanta,5,6.3,5.3,0,5,0,0,0,0,0,0,0,0
2,11,D,CONTI,Sampdoria,4,6.0,6.62,1,0,0,0,0,0,0,1,0,0
3,15,D,MASIELLO,Genoa,7,5.64,5.43,0,0,0,0,0,0,0,3,0,0
4,22,C,DE ROON,Atalanta,30,5.95,6.13,3,0,0,0,0,0,0,5,1,0
5,27,C,GRASSI,Cagliari,28,5.95,5.88,0,0,0,0,0,0,1,4,1,0
6,41,P,MIRANTE,Milan,0,0.0,0.0,0,0,0,0,0,0,0,0,0,0
7,42,P,SARR M.,Bologna,0,0.0,0.0,0,0,0,0,0,0,0,0,0,0
8,45,D,FERRARI A.,Sampdoria,22,5.7,5.75,1,0,0,0,0,0,0,4,0,0
9,50,D,MBAYE,Bologna,2,5.5,5.5,0,0,0,0,0,0,0,0,0,0
10,58,C,DIAWARA,Roma,3,5.67,5.67,0,0,0,0,0,0,0,0,0,0
11,73,D,GAGLIOLO,Salernitana,14,5.61,5.61,0,0,0,0,0,0,1,2,0,0
12,76,D,ROMAGNOLI S.,Empoli,18,5.89,6.03,2,0,0,0,0,0,0,3,0,1
13,90,A,LASAGNA,Verona,26,5.92,6.25,2,0,0,0,0,0,3,1,0,0
14,118,D,RADOVANOVIC,Salernitana,13,5.88,5.96,1,0,0,0,0,0,0,4,0,0
15,133,P,SKORUPSKI,Bologna,36,6.24,4.79,0,53,1,0,0,0,0,4,0,0
16,140,D,HYSAJ,Lazio,27,5.63,5.69,1,0,0,0,0,0,0,3,0,0
17,142,D,MARIO RUI,Napoli,34,6.03,6.07,0,0,0,0,0,0,5,7,0,0
18,144,D,TONELLI,Empoli,13,5.5,5.19,0,0,0,0,0,0,0,4,0,1
19,148,C,KRUNIC,Milan,23,6.13,6.15,0,0,0,0,0,0,1,2,0,0
20,150,C,SAPONARA,Fiorentina,24,6.31,6.79,3,0,0,0,0,0,3,1,0,0
21,152,C,ZIELINSKI,Napoli,34,6.12,6.78,6,0,0,0,0,0,5,1,0,0
22,158,P,LEZZERINI,Venezia,6,6.17,4.5,0,9,0,0,0,0,0,2,0,0
23,159,P,SEPE,Salernitana,16,6.22,4.66,0,24,0,0,0,0,0,2,0,0
24,160,P,TATARUSANU,Milan,6,6.0,4.83,0,10,1,0,0,0,0,0,0,0
25,170,C,BADELJ,Genoa,34,5.76,5.79,1,0,0,0,0,0,0,4,0,0
26,173,C,CAPEZZI,Salernitana,4,5.75,5.75,0,0,0,0,0,0,0,0,0,0
27,177,A,ILICIC,Atalanta,17,6.35,6.85,3,0,0,1,0,1,3,1,0,0
28,181,C,VECINO,Inter,10,6.0,6.25,1,0,0,0,0,0,0,2,0,0
29,184,C,BERNARDESCHI,Juventus,26,5.9,6.04,1,0,0,0,0,0,3,5,0,0
30,186,A,REBIC,Milan,22,6.07,6.39,2,0,0,0,0,0,2,2,0,0
31,215,A,VERDE,Spezia,33,6.29,7.08,7,0,0,2,1,1,6,2,0,0
32,218,P,PERIN,Juventus,5,6.1,4.7,0,7,0,0,0,0,0,0,0,0
33,220,P,UJKANI,Empoli,0,0.0,0.0,0,0,0,0,0,0,0,0,0,0
34,224,D,DE MAIO,Udinese,2,4.0,4.0,0,0,0,0,0,0,0,0,0,0
35,226,D,IZZO,Torino,9,5.83,5.61,0,0,0,0,0,0,0,4,0,0
36,236,C,LAZOVIC,Verona,34,6.22,6.49,1,0,0,0,0,0,7,2,0,0
37,237,C,PEROTTI,Salernitana,9,5.78,5.44,0,0,0,1,0,1,0,1,0,0
38,238,C,RINCON,Sampdoria,21,5.81,5.69,0,0,0,0,0,0,0,5,0,0
39,244,D,GHIGLIONE,Genoa,11,5.64,5.59,0,0,0,0,0,0,1,3,0,0
40,245,A,PANDEV,Genoa,19,5.79,5.82,0,0,0,0,0,0,1,1,0,0
41,247,A,PAVOLETTI,Cagliari,28,5.89,6.32,5,0,0,0,0,0,1,9,0,0
42,250,P,HANDANOVIC,Inter,37,6.16,5.34,0,30,0,0,0,0,0,1,0,0
43,252,D,BIRAGHI,Fiorentina,37,5.96,6.11,3,0,0,2,1,1,1,3,1,1
44,253,D,D'AMBROSIO,Inter,15,6.23,6.47,1,0,0,0,0,0,1,2,0,0
45,254,D,DIMARCO,Inter,25,6.12,6.34,2,0,0,1,0,1,3,1,0,0
46,256,D,JUAN JESUS,Napoli,15,6.03,6.07,1,0,0,0,0,0,0,1,0,1
47,259,D,MURILLO,Sampdoria,0,0.0,0.0,0,0,0,0,0,0,0,0,0,0
48,261,D,RANOCCHIA,Inter,6,5.92,5.83,0,0,0,0,0,0,0,1,0,0
49,264,C,BESSA,Verona,18,5.78,5.86,1,0,0,0,0,0,1,3,1,0
50,265,C,BROZOVIC,Inter,35,6.31,6.41,2,0,0,0,0,0,1,7,0,0
51,272,C,MEDEL,Bologna,33,5.83,5.71,0,0,0,0,0,0,1,8,1,0
52,286,D,BONUCCI,Juventus,23,6.15,6.78,2,0,0,3,3,0,0,1,0,0
53,287,D,CACERES,Cagliari,13,5.73,5.85,1,0,0,0,0,0,1,3,1,0
54,288,D,CHIELLINI,Juventus,19,6.18,6.13,0,0,0,0,0,0,0,2,0,0
55,294,D,RUGANI,Juventus,12,5.96,5.88,0,0,0,0,0,0,0,2,0,0
56,302,C,PEREYRA,Udinese,23,6.15,6.41,2,0,0,2,1,1,5,8,1,0
57,305,C,STURARO,Genoa,25,5.7,5.48,0,0,0,0,0,0,0,11,0,0
58,306,A,CERRI,Cagliari,0,0.0,0.0,0,0,0,0,0,0,0,0,0,0
59,309,A,DYBALA,Juventus,28,6.36,7.45,9,0,0,2,1,1,5,3,0,0
60,311,A,LLORENTE,Udinese,0,0.0,0.0,0,0,0,0,0,0,0,0,0,0
61,313,A,MORATA,Juventus,35,6.1,6.91,8,0,0,1,1,0,4,5,0,0
62,315,A,ZAZA,Torino,3,5.83,5.83,0,0,0,0,0,0,0,1,0,0
63,316,P,BERISHA,Torino,10,6.1,5.55,0,8,1,0,0,0,0,1,0,0
64,318,P,MARCHETTI,Genoa,0,0.0,0.0,0,0,0,0,0,0,0,0,0,0
65,322,D,DE VRIJ,Inter,28,5.8,5.68,0,0,0,0,0,0,0,3,0,1
66,327,D,PATRIC,Lazio,21,5.76,5.71,1,0,0,0,0,0,1,4,1,1
67,329,D,RADU,Lazio,8,5.56,5.44,0,0,0,0,0,0,0,2,0,0
68,332,C,CANDREVA,Sampdoria,36,6.18,6.85,6,0,0,2,1,1,10,6,1,0
69,333,C,CATALDI,Lazio,30,6.03,6.08,1,0,0,0,0,0,2,7,0,0
70,335,C,FELIPE ANDERSON,Lazio,38,6.14,6.8,6,0,0,0,0,0,8,2,0,0
71,345,A,KEITA B.,Cagliari,20,5.8,6.25,3,0,0,0,0,0,1,2,0,0
72,357,D,CALABRIA,Milan,26,6.15,6.42,2,0,0,0,0,0,2,2,0,0
73,358,D,DE SCIGLIO,Juventus,16,6.06,6.25,1,0,0,0,0,0,2,2,1,0
74,367,C,BONAVENTURA,Fiorentina,31,6.18,6.56,4,0,0,0,0,0,4,6,1,0
75,376,C,VERDI,Salernitana,17,6.24,7.21,5,0,0,1,1,0,0,3,0,0
76,383,A,PETAGNA,Napoli,13,6.04,6.77,3,0,0,0,0,0,1,1,0,0
77,387,P,REINA,Lazio,15,5.97,4.0,0,29,0,0,0,0,1,3,0,0
78,390,D,GHOULAM,Napoli,5,6.0,5.9,0,0,0,0,0,0,0,1,0,0
79,392,D,KOULIBALY,Napoli,27,6.48,6.72,3,0,0,0,0,0,1,5,1,0
80,393,D,LUPERTO,Empoli,22,5.75,5.61,0,0,0,0,0,0,1,6,1,0
81,400,C,DEZI,Venezia,1,6.0,6.0,0,0,0,0,0,0,0,0,0,0
82,406,C,CALLEJON,Fiorentina,24,5.79,6.0,1,0,0,0,0,0,2,0,0,0
83,407,A,GABBIADINI,Sampdoria,16,6.19,7.34,6,0,0,0,0,0,2,3,0,0
84,409,A,INSIGNE,Napoli,32,6.3,7.17,2,0,0,13,9,4,8,2,0,0
85,410,A,MERTENS,Napoli,25,6.46,7.8,10,0,0,1,1,0,1,2,0,0
86,418,D,GOLDANIGA,Cagliari,11,5.64,5.5,0,0,0,0,0,0,0,3,0,0
87,434,C,JAJALO,Udinese,12,5.88,5.88,0,0,0,0,0,0,1,2,0,0
88,440,C,VIOLA,Bologna,3,5.67,5.67,0,0,0,0,0,0,0,0,0,0
89,441,A,BELOTTI,Torino,22,6.2,7.32,5,0,0,3,3,0,1,1,0,0
90,447,A,LA GUMINA,Sampdoria,0,0.0,0.0,0,0,0,0,0,0,0,0,0,0
91,453,P,SZCZESNY,Juventus,33,6.12,5.48,0,29,3,0,0,0,0,2,0,0
92,454,D,CAPRADOSSI,Spezia,0,0.0,0.0,0,0,0,0,0,0,0,0,0,0
93,459,D,MANOLAS,Napoli,4,5.62,5.5,0,0,0,0,0,0,0,1,0,0
94,460,D,ROMAGNOLI,Milan,17,6.0,6.0,1,0,0,0,0,0,0,4,1,0
95,464,D,FLORENZI,Milan,20,6.12,6.4,2,0,0,0,0,0,0,2,0,0
96,467,C,NAINGGOLAN,Inter,0,0.0,0.0,0,0,0,0,0,0,0,0,0,0
97,470,C,STROOTMAN,Cagliari,9,5.72,5.5,0,0,0,0,0,0,0,4,0,0
98,472,A,DESTRO,Genoa,27,6.02,6.98,9,0,0,0,0,0,1,4,0,0
99,475,A,IAGO FALQUE,Torino,0,0.0,0.0,0,0,0,0,0,0,0,0,0,0
100,479,A,SANABRIA,Torino,25,6.18,6.88,6,0,0,0,0,0,1,3,0,0
101,481,P,BRIGNOLI,Empoli,0,0.0,0.0,0,0,0,0,0,0,0,0,0,0
102,487,D,DE SILVESTRI,Bologna,31,5.94,6.18,3,0,0,0,0,0,2,7,0,0
103,495,A,CORREA,Inter,26,6.06,6.75,6,0,0,0,0,0,1,2,0,0
104,505,A,BONAZZOLI,Salernitana,31,6.23,7.1,8,0,0,2,2,0,0,6,0,0
105,507,A,MURIEL,Atalanta,26,6.37,7.69,7,0,0,2,2,0,8,1,0,0
106,509,P,CONSIGLI,Sassuolo,37,6.27,4.62,0,63,1,0,0,0,0,2,0,0
107,510,P,PEGOLO,Sassuolo,1,6.0,3.0,0,3,0,0,0,0,0,0,0,0
108,513,D,ACERBI,Lazio,29,5.95,6.31,4,0,0,0,0,0,0,1,1,0
109,521,D,PELUSO,Sassuolo,0,0.0,0.0,0,0,0,0,0,0,0,0,0,0
110,526,C,DUNCAN,Fiorentina,31,5.92,6.13,2,0,0,0,0,0,2,3,0,0
111,528,C,MAGNANELLI,Sassuolo,5,5.8,5.8,0,0,0,0,0,0,0,1,0,0
112,530,C,PELLEGRINI LO.,Roma,27,6.28,7.13,7,0,0,3,2,1,3,6,1,0
113,531,A,BERARDI,Sassuolo,33,6.71,8.33,9,0,0,6,6,0,13,9,0,0
114,532,A,FALCINELLI,Bologna,2,5.75,5.75,0,0,0,0,0,0,0,0,0,0
115,536,A,POLITANO,Napoli,31,6.13,6.5,3,0,0,0,0,0,4,3,0,0
116,537,A,SANSONE,Bologna,23,6.0,6.28,2,0,0,0,0,0,3,6,0,0
117,543,P,PADELLI,Udinese,3,6.17,3.5,0,8,0,0,0,0,0,0,0,0
118,550,D,MAKSIMOVIC,Genoa,14,5.75,5.68,0,0,0,0,0,0,0,2,0,0
119,551,D,MOLINARO,Venezia,7,5.86,6.0,0,0,0,0,0,0,1,0,0,0
120,554,D,ZAPPACOSTA,Atalanta,31,6.08,6.24,1,0,0,0,0,0,5,6,0,0
121,556,C,BASELLI,Cagliari,12,5.88,5.92,0,0,0,0,0,0,1,1,0,0
122,557,C,BENASSI,Empoli,14,5.75,5.71,0,0,0,0,0,0,0,2,0,0
123,560,C,OBI,Salernitana,20,5.85,5.8,0,0,0,0,0,0,1,4,0,0
124,568,A,QUAGLIARELLA,Sampdoria,30,5.9,6.33,3,0,0,1,1,0,2,2,0,0
125,572,P,MERET,Napoli,7,5.86,5.0,0,6,0,0,0,0,0,0,0,0
126,574,P,SCUFFET,Udinese,0,0.0,0.0,0,0,0,0,0,0,0,0,0,0
127,581,D,FARAONI,Verona,32,6.08,6.48,4,0,0,0,0,0,5,6,1,0
128,600,C,VERRE,Empoli,16,5.69,5.62,0,0,0,0,0,0,1,2,1,0
129,608,A,ZAPATA D.,Atalanta,24,6.38,7.73,7,0,0,3,3,0,4,3,0,0
130,630,D,SALA,Spezia,15,5.83,5.93,1,0,0,0,0,0,0,3,0,0
131,632,C,ZACCAGNI,Lazio,30,6.3,6.93,5,0,0,1,1,0,4,6,0,0
132,633,D,FARES,Torino,9,5.83,6.5,2,0,0,0,0,0,1,2,0,0
133,640,D,CHIRICHES,Sassuolo,27,5.69,5.61,0,0,0,0,0,0,0,4,0,0
134,643,A,DEFREL,Sassuolo,30,5.85,6.08,2,0,0,0,0,0,2,3,0,0
135,644,C,PULGAR,Fiorentina,4,5.75,5.75,0,0,0,0,0,0,1,2,0,0
136,645,C,MILINKOVIC-SAVIC,Lazio,37,6.51,7.59,11,0,0,0,0,0,10,4,1,0
137,647,A,DZEKO,Inter,35,6.29,7.54,13,0,0,0,0,0,6,2,0,0
138,649,A,MANAJ,Spezia,28,5.86,6.12,3,0,0,3,2,1,0,9,0,0
139,652,A,KALINIC,Verona,13,6.08,6.88,4,0,0,0,0,0,1,3,1,0
140,660,D,GYOMBER,Salernitana,30,5.72,5.57,0,0,0,0,0,0,0,9,0,0
141,662,D,ALEX SANDRO,Juventus,27,5.76,5.67,0,0,0,0,0,0,1,3,0,1
142,695,D,TOLOI,Atalanta,19,6.0,6.05,1,0,0,0,0,0,1,6,0,0
143,697,D,CUADRADO,Juventus,32,6.3,6.62,4,0,0,0,0,0,3,9,0,0
144,704,C,PERISIC,Inter,35,6.4,7.2,7,0,0,1,1,0,6,4,0,0
145,706,D,ANSALDI,Torino,15,6.13,6.27,0,0,0,0,0,0,3,2,0,0
146,720,P,BELEC,Salernitana,23,6.09,4.07,0,49,1,0,0,0,0,1,0,0
147,758,D,MANTOVANI,Salernitana,0,0.0,0.0,0,0,0,0,0,0,0,0,0,0
148,761,P,AUDERO,Sampdoria,29,6.12,4.53,0,48,1,0,0,0,0,2,0,0
149,770,D,PEZZELLA GIU.,Atalanta,16,5.97,6.0,0,0,0,0,0,0,2,3,0,0
150,779,C,CRISTANTE,Roma,34,5.97,5.96,2,0,0,0,0,0,0,9,0,1
151,785,A,IMMOBILE,Lazio,31,6.6,9.02,20,0,0,9,7,2,2,4,0,0
152,787,D,DJIMSITI,Atalanta,29,5.86,5.84,1,0,0,0,0,0,1,6,0,1
153,788,C,FREULER,Atalanta,29,5.93,5.83,1,0,0,0,0,0,1,10,0,1
154,790,D,SAMIR,Udinese,17,5.94,5.79,0,0,0,0,0,0,0,5,0,0
155,791,D,SABELLI,Genoa,7,5.71,5.5,0,0,0,0,0,0,0,3,0,0
156,795,A,EL SHAARAWY,Roma,24,5.92,6.27,3,0,0,0,0,0,0,1,0,0
157,798,D,SKRINIAR,Inter,35,6.21,6.43,3,0,0,0,0,0,0,3,0,0
158,799,P,BARDI,Bologna,2,6.25,5.25,0,2,0,0,0,0,0,0,0,0
159,801,C,GAGLIARDINI,Inter,15,6.1,6.57,2,0,0,0,0,0,2,2,0,0
160,805,D,FIAMOZZI,Empoli,8,5.62,5.69,0,0,0,0,0,0,1,1,0,0
161,819,A,FAVILLI,Genoa,1,5.5,5.5,0,0,0,0,0,0,0,0,0,0
162,827,C,LOCATELLI,Juventus,29,6.16,6.47,3,0,0,0,0,0,3,6,0,0
163,1839,A,EDERA,Torino,0,0.0,0.0,0,0,0,0,0,0,0,0,0,0
164,1843,P,RADU I.,Inter,1,4.0,2.0,0,2,0,0,0,0,0,0,0,0
165,1847,D,CALDARA,Venezia,30,5.87,5.82,1,0,0,0,0,0,0,9,0,0
166,1850,C,KESSIE',Milan,30,6.1,6.57,4,0,0,3,2,1,0,2,0,0
167,1852,D,SPINAZZOLA,Roma,2,6.25,6.0,0,0,0,0,0,0,0,1,0,0
168,1857,A,DI FRANCESCO F.,Empoli,25,6.12,6.68,5,0,0,0,0,0,0,2,0,0
169,1866,D,CEPPITELLI,Cagliari,21,5.88,5.98,1,0,0,0,0,0,0,3,0,0
170,1868,D,MURRU,Sampdoria,19,5.53,5.58,1,0,0,0,0,0,0,5,0,0
171,1870,C,BARELLA,Inter,36,6.49,6.92,3,0,0,0,0,0,11,9,0,0
172,1871,C,DEIOLA,Cagliari,31,5.82,6.16,4,0,0,0,0,0,1,5,0,0
173,1874,A,JOAO PEDRO,Cagliari,37,6.07,7.03,10,0,0,4,3,1,4,9,0,0
174,1879,A,FARIAS,Cagliari,3,5.83,5.83,0,0,0,0,0,0,0,0,0,0
175,1889,P,CORDAZ,Inter,0,0.0,0.0,0,0,0,0,0,0,0,0,0,0
176,1891,D,CECCHERINI,Verona,34,5.88,5.79,1,0,0,0,0,0,0,10,1,0
177,1895,D,FERRARI G.,Sassuolo,36,5.75,5.75,1,0,0,0,0,0,0,4,1,0
178,1917,P,DRAGOWSKI,Fiorentina,7,6.14,5.29,0,8,1,0,0,0,0,0,1,0
179,1930,P,PINSOGLIO,Juventus,1,6.5,5.5,0,1,0,0,0,0,0,0,0,0
180,1933,C,MANDRAGORA,Torino,18,6.14,6.06,0,0,0,0,0,0,2,5,1,0
181,1934,P,STRAKOSHA,Lazio,23,6.04,4.74,0,29,0,0,0,0,0,2,0,0
182,1943,A,NESTOROVSKI,Udinese,5,6.2,6.8,1,0,0,0,0,0,0,1,0,0
183,1946,P,ARESTI,Cagliari,0,0.0,0.0,0,0,0,0,0,0,0,0,0,0
184,1947,P,FIORILLO,Salernitana,1,6.0,1.0,0,5,0,0,0,0,0,0,0,0
185,1958,A,CAPRARI,Verona,34,6.54,7.75,10,0,0,2,2,0,7,4,0,0
186,1972,C,TORREIRA,Fiorentina,30,6.18,6.55,5,0,0,0,0,0,1,8,1,0
187,1978,C,SENSI,Sampdoria,14,5.93,6.11,1,0,0,0,0,0,0,1,0,0
188,1980,C,ARAMU,Venezia,32,6.14,6.77,4,0,0,4,3,1,5,6,0,0
189,1987,C,JANKTO,Sampdoria,0,0.0,0.0,0,0,0,0,0,0,0,0,0,0
190,1995,C,DJURICIC,Sassuolo,10,6.1,6.75,2,0,0,0,0,0,1,1,0,0
191,1997,A,SIMY,Salernitana,17,5.68,5.91,1,0,0,0,0,0,1,0,0,0
192,1998,A,PJACA,Torino,20,5.95,6.4,3,0,0,0,0,0,0,0,0,0
193,2002,C,CHIESA,Juventus,14,6.21,6.79,2,0,0,0,0,0,2,0,0,0
194,2006,D,LIROLA,Fiorentina,0,0.0,0.0,0,0,0,0,0,0,0,0,0,0
195,2008,C,LINETTY,Torino,16,5.78,5.72,0,0,0,0,0,0,0,2,0,0
196,2009,C,LUKIC,Torino,35,6.1,6.5,2,0,0,3,3,0,4,10,0,0
197,2011,C,MIGUEL VELOSO,Verona,21,6.05,6.02,0,0,0,0,0,0,3,5,1,0
198,2016,D,FAZIO,Salernitana,16,5.69,5.78,1,0,0,0,0,0,0,1,1,0
199,2038,A,PINAMONTI,Empoli,36,6.15,7.21,9,0,0,4,4,0,1,4,0,0
200,2061,A,SIMEONE,Verona,35,6.17,7.54,17,0,0,1,0,1,4,8,0,0
201,2064,D,VESELI,Salernitana,8,5.31,5.12,0,0,0,0,0,0,0,1,1,0
202,2065,C,PRAET,Torino,23,6.09,6.37,2,0,0,0,0,0,2,3,0,0
203,2073,A,RAGUSA,Verona,0,0.0,0.0,0,0,0,0,0,0,0,0,0,0
204,2076,C,ROG,Cagliari,8,5.81,5.94,0,0,0,0,0,0,1,0,0,0
205,2077,C,PASALIC,Atalanta,33,6.24,7.56,13,0,0,0,0,0,6,3,0,0
206,2083,D,BIRASCHI,Genoa,14,5.61,5.46,0,0,0,0,0,0,0,4,0,0
207,2085,C,LUIS ALBERTO,Lazio,34,6.15,6.81,5,0,0,0,0,0,10,5,0,0
208,2091,P,PLIZZARI,Milan,0,0.0,0.0,0,0,0,0,0,0,0,0,0,0
209,2097,A,KEAN,Juventus,25,5.96,6.56,5,0,0,0,0,0,2,5,0,0
210,2103,A,PELLEGRI,Torino,10,5.9,6.15,1,0,0,0,0,0,0,1,0,0
211,2104,D,BERESZYNSKI,Sampdoria,35,5.69,5.6,0,0,0,0,0,0,3,12,0,0
212,2107,C,KIYINE,Venezia,26,5.77,5.6,1,0,0,1,0,1,0,7,1,0
213,2115,D,DELLI CARRI,Salernitana,5,5.5,5.4,0,0,0,0,0,0,0,1,0,0
214,2116,D,FARAGO',Cagliari,1,5.5,5.5,0,0,0,0,0,0,0,0,0,0
215,2117,C,KASTANOS,Salernitana,25,5.9,5.94,1,0,0,0,0,0,1,4,1,0
216,2119,A,DEULOFEU,Udinese,34,6.51,7.68,12,0,0,1,1,0,5,9,0,0
217,2120,D,BASTONI,Inter,31,6.21,6.31,1,0,0,0,0,0,2,4,0,0
218,2121,C,MELEGONI,Genoa,22,5.89,6.0,1,0,0,0,0,0,0,1,0,0
219,2127,P,SATALINO,Sassuolo,0,0.0,0.0,0,0,0,0,0,0,0,0,0,0
220,2130,D,HATEBOER,Atalanta,21,5.79,5.74,0,0,0,0,0,0,0,2,0,0
221,2134,P,FALCONE,Sampdoria,10,6.45,4.95,0,14,0,0,0,0,0,2,0,0
222,2137,A,SCAMACCA,Sassuolo,32,6.22,7.61,15,0,0,1,1,0,0,7,0,0
223,2141,D,DEPAOLI,Verona,18,5.83,5.94,1,0,0,0,0,0,1,4,0,0
224,2144,C,COULIBALY M.,Salernitana,12,6.08,6.54,2,0,0,0,0,0,0,1,0,0
225,2154,C,VIGNATO,Bologna,17,5.91,5.91,0,0,0,0,0,0,1,2,0,0
226,2155,A,CUTRONE,Empoli,24,5.88,6.23,3,0,0,0,0,0,0,1,0,0
227,2160,D,GOSENS,Inter,11,6.14,6.36,1,0,0,0,0,0,1,3,0,0
228,2161,C,HAAS,Empoli,16,5.88,5.91,0,0,0,0,0,0,2,3,0,0
229,2164,D,MILENKOVIC,Fiorentina,34,5.87,5.81,1,0,0,0,0,0,0,8,1,0
230,2166,C,BENTANCUR,Juventus,17,6.03,6.06,0,0,0,0,0,0,1,1,0,0
231,2167,C,ORSOLINI,Bologna,26,6.04,6.81,4,0,0,2,2,0,3,2,0,0
232,2169,D,RODRIGUEZ R.,Torino,32,5.86,5.84,0,0,0,0,0,0,1,3,0,0
233,2170,P,MILINKOVIC-SAVIC V.,Torino,27,6.02,4.85,0,33,1,0,0,0,0,3,0,0
234,2171,D,LYANCO,Torino,0,0.0,0.0,0,0,0,0,0,0,0,0,0,0
235,2172,C,BARAK,Verona,29,6.31,7.48,7,0,0,4,4,0,3,4,0,0
236,2174,D,VENUTI,Fiorentina,21,5.79,5.6,0,0,0,0,0,0,0,4,0,1
237,2178,P,CRAGNO,Cagliari,35,6.24,4.57,0,63,2,0,0,0,0,3,0,0
238,2179,P,SIRIGU,Genoa,37,6.2,4.64,0,59,1,0,0,0,0,0,0,1
239,2180,D,KARSDORP,Roma,35,6.07,6.0,0,0,0,0,0,0,2,7,1,0
240,2181,D,PALOMINO,Atalanta,33,6.14,6.09,1,0,0,0,0,0,0,9,0,0
241,2188,D,MARUSIC,Lazio,33,5.65,5.65,1,0,0,0,0,0,0,4,1,0
242,2192,D,BONIFAZI,Bologna,17,5.65,5.41,0,0,0,0,0,0,0,2,1,1
243,2194,C,CALHANOGLU,Inter,33,6.36,7.2,4,0,0,3,3,0,12,11,0,0
244,2195,A,OUNAS,Napoli,8,6.06,6.0,0,0,0,0,0,0,0,1,0,0
245,2206,D,FELICIOLI,Venezia,0,0.0,0.0,0,0,0,0,0,0,0,0,0,0
246,2208,D,JAROSZYNSKI,Salernitana,9,5.33,5.22,0,0,0,0,0,0,0,2,0,0
247,2209,C,LUCAS LEIVA,Lazio,31,5.79,5.65,0,0,0,0,0,0,0,9,0,0
248,2211,P,SILVESTRI,Udinese,35,6.17,4.73,0,50,0,0,0,0,0,1,0,0
249,2213,C,CASSATA,Genoa,0,0.0,0.0,0,0,0,0,0,0,0,0,0,0
250,2214,D,KOLAROV,Inter,1,6.0,6.0,0,0,0,0,0,0,0,0,0,0
251,2215,C,VERETOUT,Roma,35,6.06,6.46,3,0,0,2,1,1,8,6,0,0
252,2249,P,SANTURRO,Udinese,0,0.0,0.0,0,0,0,0,0,0,0,0,0,0
253,2252,D,MARCHIZZA,Empoli,19,5.63,5.47,0,0,0,0,0,0,1,4,0,1
254,2253,C,BANDINELLI,Empoli,33,5.88,6.0,2,0,0,0,0,0,3,10,0,0
255,2263,D,LAZZARI,Lazio,27,5.91,6.3,3,0,0,0,0,0,3,3,0,0
256,2279,D,ROMAGNA,Sassuolo,0,0.0,0.0,0,0,0,0,0,0,0,0,0,0
257,2280,D,NUYTINCK,Udinese,26,6.0,6.12,1,0,0,0,0,0,1,2,0,0
258,2284,A,CAICEDO,Inter,9,6.17,6.67,1,0,0,0,0,0,2,1,0,0
259,2285,D,BANI,Genoa,17,6.0,5.97,0,0,0,0,0,0,0,1,0,0
260,2286,C,CROCIATA,Empoli,1,6.0,6.0,0,0,0,0,0,0,0,0,0,0
261,2289,D,DALBERT,Cagliari,28,5.7,5.61,0,0,0,0,0,0,2,9,0,0
262,2296,D,MANCINI,Roma,33,5.88,5.64,0,0,0,0,0,0,0,14,1,0
263,2297,P,ROSSI F.,Atalanta,1,6.0,5.0,0,1,0,0,0,0,0,0,0,0
264,2302,C,BEHRAMI,Genoa,8,5.75,5.56,0,0,0,0,0,0,0,3,0,0
265,2304,A,SALCEDO E.,Spezia,8,5.88,5.81,0,0,0,0,0,0,0,1,0,0
266,2309,D,PEZZELLA GER.,Fiorentina,0,0.0,0.0,0,0,0,0,0,0,0,0,0,0
267,2312,D,HRISTOV,Spezia,16,5.5,5.66,1,0,0,0,0,0,1,3,0,0
268,2315,D,STRYGER LARSEN,Udinese,10,5.65,5.55,0,0,0,0,0,0,1,0,0,1
269,2318,D,ROGERIO,Sassuolo,22,5.82,5.77,0,0,0,0,0,0,1,5,0,0
270,2323,A,NANI,Venezia,6,5.83,5.92,0,0,0,0,0,0,1,1,0,0
271,2328,D,VANHEUSDEN,Genoa,14,5.57,5.32,0,0,0,0,0,0,0,3,0,1
272,2334,C,LERIS,Sampdoria,0,0.0,0.0,0,0,0,0,0,0,0,0,0,0
273,2335,D,LUIZ FELIPE,Lazio,29,5.86,5.66,0,0,0,0,0,0,0,10,1,0
274,2379,C,RABIOT,Juventus,29,5.71,5.69,0,0,0,0,0,0,2,5,0,0
275,2391,C,EKDAL,Sampdoria,25,5.78,5.68,1,0,0,0,0,0,0,9,1,0
276,2392,C,WALACE,Udinese,35,5.89,5.86,1,0,0,0,0,0,0,6,1,0
277,2409,A,RIBERY,Salernitana,23,6.09,6.11,0,0,0,0,0,0,2,3,0,0
278,2414,C,VIDAL,Inter,24,6.06,6.19,1,0,0,0,0,0,1,3,0,0
279,2432,C,ZAKARIA,Juventus,9,5.89,6.28,1,0,0,0,0,0,1,1,0,0
280,2453,D,NASTASIC,Fiorentina,4,5.5,5.38,0,0,0,0,0,0,0,1,0,0
281,2468,P,OSPINA,Napoli,31,6.26,5.44,0,25,0,0,0,0,0,1,0,0
282,2472,C,RAMSEY,Juventus,3,5.83,5.83,0,0,0,0,0,0,0,0,0,0
283,2475,A,SANCHEZ,Inter,22,6.14,6.91,5,0,0,0,0,0,2,0,0,0
284,2489,A,PEDRO,Lazio,32,6.25,7.14,9,0,0,0,0,0,4,5,0,0
285,2525,D,DARMIAN,Inter,23,6.13,6.35,2,0,0,0,0,0,1,4,0,0
286,2529,C,MKHITARYAN,Roma,31,6.21,6.82,5,0,0,0,0,0,6,2,1,0
287,2530,A,IBRAHIMOVIC,Milan,18,6.42,7.53,8,0,0,1,0,1,2,2,0,1
288,2531,A,LUKAKU,Inter,0,0.0,0.0,0,0,0,0,0,0,0,0,0,0
289,2544,A,ABRAHAM,Roma,37,6.26,7.62,14,0,0,3,3,0,4,9,0,0
290,2572,D,GODIN,Cagliari,11,5.5,5.45,0,0,0,0,0,0,1,3,0,0
291,2610,A,RONALDO,Juventus,1,6.0,5.5,0,0,0,0,0,0,0,1,0,0
292,2614,D,ODRIOZOLA,Fiorentina,25,5.86,5.94,1,0,0,0,0,0,2,4,1,0
293,2625,C,SORIANO,Bologna,35,5.87,5.87,0,0,0,0,0,0,4,4,2,0
294,2628,P,ROMERO S.,Venezia,16,6.0,3.88,0,33,0,0,0,0,0,2,0,0
295,2633,D,KJAER,Milan,10,6.2,5.9,0,0,0,0,0,0,0,2,0,1
296,2639,C,BAKAYOKO,Milan,11,5.73,5.64,0,0,0,0,0,0,0,3,0,0
297,2653,D,LYKOGIANNIS,Cagliari,25,5.7,5.78,1,0,0,0,0,0,0,2,0,0
298,2654,A,CETER,Cagliari,0,0.0,0.0,0,0,0,0,0,0,0,0,0,0
299,2668,D,RETSOS,Verona,1,5.5,5.5,0,0,0,0,0,0,0,0,0,0
300,2692,C,CASTILLEJO,Milan,3,6.33,6.17,0,0,0,0,0,0,0,1,0,0
301,2703,C,ADRIEN SILVA,Sampdoria,15,5.67,5.57,0,0,0,0,0,0,1,3,1,0
302,2719,A,BARROW,Bologna,33,6.06,6.79,6,0,0,0,0,0,6,0,0,0
303,2724,D,BUONGIORNO,Torino,18,5.86,5.81,0,0,0,0,0,0,1,5,0,0
304,2728,D,PELLEGRINI LU.,Juventus,17,6.09,5.97,0,0,0,0,0,0,1,6,0,0
305,2739,D,RECA,Spezia,24,5.69,5.71,0,0,0,0,0,0,2,3,0,0
306,2741,C,PESSINA,Atalanta,24,5.9,6.06,1,0,0,0,0,0,1,0,0,0
307,2743,A,SANTANDER,Bologna,2,6.5,7.75,1,0,0,0,0,0,0,1,0,0
308,2744,C,SVANBERG,Bologna,35,5.99,6.23,3,0,0,0,0,0,3,7,0,0
309,2745,D,CALABRESI,Bologna,0,0.0,0.0,0,0,0,0,0,0,0,0,0,0
310,2746,D,DIJKS,Bologna,11,5.95,6.05,0,0,0,0,0,0,2,2,0,0
311,2750,A,MRAZ,Spezia,2,5.75,5.75,0,0,0,0,0,0,0,0,0,0
312,2756,A,PIATEK,Fiorentina,13,5.96,6.42,3,0,0,1,0,1,0,0,0,0
313,2758,D,GUNTER,Verona,30,5.8,5.57,0,0,0,0,0,0,0,10,0,1
314,2759,D,CRISCITO,Genoa,20,5.98,6.68,0,0,0,7,6,1,1,4,0,0
315,2762,A,KOUAME',Fiorentina,0,0.0,0.0,0,0,0,0,0,0,0,0,0,0
316,2764,A,MARTINEZ L.,Inter,33,6.38,8.02,18,0,0,6,3,3,3,6,0,0
317,2766,C,ZANIOLO,Roma,27,6.0,6.02,2,0,0,0,0,0,1,9,2,0
318,2769,D,MAGNANI,Sampdoria,14,5.79,5.61,0,0,0,0,0,0,0,3,1,0
319,2775,C,RUIZ,Napoli,31,6.42,7.19,7,0,0,0,0,0,4,2,0,0
320,2778,C,STULAC,Empoli,21,5.95,6.31,2,0,0,0,0,0,2,1,0,0
321,2781,P,FUZATO,Roma,0,0.0,0.0,0,0,0,0,0,0,0,0,0,0
322,2784,D,COLLEY,Sampdoria,31,5.97,5.85,0,0,0,0,0,0,0,5,1,0
323,2788,D,BREMER,Torino,33,6.39,6.59,3,0,0,0,0,0,1,7,0,0
324,2790,P,ROSATI,Fiorentina,0,0.0,0.0,0,0,0,0,0,0,0,0,0,0
325,2792,P,MUSSO,Atalanta,33,6.11,4.79,0,42,0,0,0,0,0,1,1,0
326,2793,D,OPOKU,Udinese,0,0.0,0.0,0,0,0,0,0,0,0,0,0,0
327,2814,P,PROVEDEL,Spezia,31,6.26,4.48,0,52,0,0,0,0,0,2,0,1
328,2815,P,TERRACCIANO,Fiorentina,32,5.97,4.72,0,43,1,0,0,0,0,0,0,0
329,2816,D,DI LORENZO,Napoli,33,6.2,6.36,1,0,0,0,0,0,4,3,0,0
330,2818,C,BENNACER,Milan,28,6.27,6.41,2,0,0,0,0,0,1,7,0,0
331,2819,A,CAPUTO,Sampdoria,38,6.0,6.88,11,0,0,1,0,1,4,1,0,0
332,2825,C,BOURABIA,Spezia,8,6.06,6.38,1,0,0,0,0,0,0,1,0,0
333,2826,A,PUSSETTO,Udinese,25,5.94,6.44,3,0,0,1,1,0,2,4,0,0
334,2832,A,BOGA,Atalanta,26,5.92,6.0,0,0,0,0,0,0,2,0,0,0
335,2833,C,KULUSEVSKI,Juventus,15,6.07,6.43,1,0,0,0,0,0,3,1,0,0
336,2835,C,KINGSLEY,Bologna,2,5.5,5.5,0,0,0,0,0,0,0,0,0,0
337,2838,D,IMPERIALE,Empoli,0,0.0,0.0,0,0,0,0,0,0,0,0,0,0
338,2839,C,SOTTIL,Fiorentina,22,6.0,6.41,3,0,0,0,0,0,2,2,1,0
339,2841,A,VLAHOVIC,Juventus,36,6.4,8.35,19,0,0,6,5,1,3,4,0,0
340,2845,P,CONTINI,Napoli,0,0.0,0.0,0,0,0,0,0,0,0,0,0,0
341,2848,C,FRATTESI,Sassuolo,36,6.08,6.36,4,0,0,0,0,0,3,6,0,1
342,2855,C,VIEIRA,Sampdoria,11,5.77,5.64,0,0,0,0,0,0,0,3,0,0
343,2857,C,TRAORE' HJ.,Sassuolo,28,6.2,6.93,7,0,0,0,0,0,1,3,0,0
344,2860,D,MALCUIT,Napoli,4,5.5,5.38,0,0,0,0,0,0,1,3,0,0
345,2861,P,SEMPER,Genoa,1,6.5,5.5,0,1,0,0,0,0,0,0,0,0
346,2865,D,AINA,Torino,20,5.92,5.82,0,0,0,0,0,0,0,4,0,0
347,2869,D,DJIDJI,Torino,24,5.88,5.75,0,0,0,0,0,0,0,4,1,0
348,4179,A,GONZALEZ N.,Fiorentina,33,6.35,7.11,4,0,0,3,3,0,6,2,1,0
349,4184,A,BREKALO,Torino,31,6.08,6.81,7,0,0,0,0,0,2,1,0,0
350,4185,D,MAITLAND-NILES,Roma,8,5.88,5.88,0,0,0,0,0,0,0,0,0,0
351,4200,A,GIROUD,Milan,29,6.26,7.43,9,0,0,2,2,0,3,4,0,0
352,4220,C,ZAMBO ANGUISSA,Napoli,23,6.28,6.22,0,0,0,0,0,0,1,5,0,0
353,4237,D,DANILO,Juventus,21,6.14,6.24,1,0,0,0,0,0,2,6,0,0
354,4245,D,SMALLING,Roma,25,6.18,6.46,3,0,0,0,0,0,0,0,0,1
355,4268,A,ARNAUTOVIC,Bologna,32,6.28,7.44,12,0,0,3,2,1,1,6,0,0
356,4270,P,RUI PATRICIO,Roma,38,6.17,5.09,0,43,1,0,0,0,0,2,0,0
357,4285,C,ARTHUR,Juventus,15,5.93,5.83,0,0,0,0,0,0,0,3,0,0
358,4287,C,LOBOTKA,Napoli,21,6.29,6.38,1,0,0,0,0,0,0,2,0,0
359,4292,D,HERNANDEZ T.,Milan,32,6.3,6.69,4,0,0,2,1,1,5,5,2,0
360,4307,D,ROMERO,Atalanta,0,0.0,0.0,0,0,0,0,0,0,0,0,0,0
361,4312,P,MAIGNAN,Milan,32,6.27,5.62,0,21,0,0,0,0,1,1,0,0
362,4323,D,ZEEGELAAR,Udinese,12,5.58,5.5,0,0,0,0,0,0,0,2,0,0
363,4324,A,OKAKA,Udinese,1,6.5,6.5,0,0,0,0,0,0,0,1,0,0
364,4327,C,OLIVA,Cagliari,1,6.0,6.0,0,0,0,0,0,0,0,0,0,0
365,4329,D,NIKOLAOU,Spezia,36,5.64,5.49,0,0,0,0,0,0,0,7,0,1
366,4331,D,IBANEZ,Roma,32,5.84,6.0,3,0,0,0,0,0,0,9,0,0
367,4332,D,DEMIRAL,Atalanta,25,6.08,6.12,1,0,0,0,0,0,2,8,0,0
368,4346,A,MILLICO,Torino,0,0.0,0.0,0,0,0,0,0,0,0,0,0,0
369,4359,A,PICCOLI,Genoa,8,5.69,6.06,1,0,0,0,0,0,0,0,0,0
370,4364,C,GAETANO,Napoli,1,6.0,6.0,0,0,0,0,0,0,0,0,0,0
371,4366,D,ARMINI,Lazio,0,0.0,0.0,0,0,0,0,0,0,0,0,0,0
372,4370,C,PORTANOVA,Genoa,23,5.89,5.93,1,0,0,0,0,0,0,4,0,0
373,4371,A,RASPADORI,Sassuolo,36,6.07,6.89,10,0,0,0,0,0,4,7,1,0
374,4373,D,MATEJU,Venezia,9,5.44,5.39,0,0,0,0,0,0,1,3,0,0
375,4374,D,WALUKIEWICZ,Cagliari,6,5.67,5.58,0,0,0,0,0,0,0,1,0,0
376,4375,D,TERZIC,Fiorentina,7,6.0,6.07,0,0,0,0,0,0,1,1,0,0
377,4376,C,ZURKOWSKI,Empoli,33,6.17,6.7,6,0,0,0,0,0,2,5,0,0
378,4377,C,CASTROVILLI,Fiorentina,23,6.02,6.11,1,0,0,0,0,0,1,4,0,0
379,4378,D,RANIERI L.,Salernitana,27,5.7,5.65,1,0,0,0,0,0,0,9,0,0
380,4384,C,JAGIELLO,Genoa,0,0.0,0.0,0,0,0,0,0,0,0,0,0,0
381,4385,C,LAZARO,Inter,0,0.0,0.0,0,0,0,0,0,0,0,0,0,0
382,4389,C,ANDERSON A.,Lazio,2,6.25,6.0,0,0,0,0,0,0,0,1,0,0
383,4393,C,SCHOUTEN,Bologna,17,5.97,6.09,1,0,0,0,0,0,1,2,1,0
384,4397,D,VAVRO,Lazio,0,0.0,0.0,0,0,0,0,0,0,0,0,0,0
385,4401,D,GABBIA,Milan,7,5.57,5.36,0,0,0,0,0,0,0,3,0,0
386,4403,D,CHABOT,Sampdoria,9,5.56,5.28,0,0,0,0,0,0,0,5,0,0
387,4404,C,THORSBY,Sampdoria,35,5.86,6.0,3,0,0,0,0,0,1,10,0,0
388,4406,D,TRIPALDELLI,Cagliari,0,0.0,0.0,0,0,0,0,0,0,0,0,0,0
389,4407,D,IGOR,Fiorentina,28,5.8,5.75,0,0,0,0,0,0,0,3,0,0
390,4409,D,RRAHMANI,Napoli,33,6.27,6.56,4,0,0,0,0,0,0,5,0,0
391,4411,C,AGOUME,Inter,0,0.0,0.0,0,0,0,0,0,0,0,0,0,0
392,4412,D,RODRIGO BECAO,Udinese,35,6.04,6.1,2,0,0,0,0,0,1,10,0,0
393,4414,D,DENSWIL,Bologna,0,0.0,0.0,0,0,0,0,0,0,0,0,0,0
394,4415,C,SKOV OLSEN,Bologna,16,5.81,5.94,0,0,0,0,0,0,2,0,0,0
395,4421,D,AUGELLO,Sampdoria,34,5.81,5.93,1,0,0,0,0,0,1,0,0,0
396,4422,D,TOMIYASU,Bologna,0,0.0,0.0,0,0,0,0,0,0,0,0,0,0
397,4423,C,HERNANI,Genoa,14,5.64,5.64,0,0,0,0,0,0,0,0,0,0
398,4426,D,TOLJAN,Sassuolo,19,5.84,5.84,0,0,0,0,0,0,1,2,0,0
399,4427,C,MALINOVSKYI,Atalanta,29,6.26,6.88,6,0,0,0,0,0,5,10,0,0
400,4428,D,DE LIGT,Juventus,31,6.19,6.45,3,0,0,0,0,0,1,2,1,0
401,4430,A,CRISTO,Udinese,0,0.0,0.0,0,0,0,0,0,0,0,0,0,0
402,4433,D,ZORTEA,Salernitana,23,5.78,5.96,1,0,0,0,0,0,2,3,0,0
403,4435,A,COLLEY E.,Spezia,8,5.69,5.62,0,0,0,0,0,0,0,1,0,0
404,4441,P,ANDRENACCI,Genoa,0,0.0,0.0,0,0,0,0,0,0,0,0,0,0
405,4449,C,TONALI,Milan,34,6.37,6.74,5,0,0,0,0,0,2,9,0,0
406,4453,A,TORREGROSSA,Sampdoria,3,5.67,5.67,0,0,0,0,0,0,0,1,0,0
407,4459,C,ROVELLA,Genoa,20,6.1,6.12,0,0,0,0,0,0,3,5,0,0
408,4461,D,ZAPPA,Cagliari,21,5.74,5.64,0,0,0,0,0,0,0,2,1,0
409,4465,C,FAGIOLI,Juventus,0,0.0,0.0,0,0,0,0,0,0,0,0,0,0
410,4477,A,LA MANTIA,Empoli,13,6.04,6.5,2,0,0,0,0,0,0,0,0,0
411,4479,C,ELMAS,Napoli,32,6.11,6.48,3,0,0,0,0,0,4,3,0,0
412,4483,A,CANGIANO,Bologna,0,0.0,0.0,0,0,0,0,0,0,0,0,0,0
413,4491,P,BERARDI A.,Verona,1,6.5,3.5,0,3,0,0,0,0,0,0,0,0
414,4493,D,DAWIDOWICZ,Verona,15,5.77,5.67,0,0,0,0,0,0,0,3,0,0
415,4494,D,EMPEREUR,Verona,0,0.0,0.0,0,0,0,0,0,0,0,0,0,0
416,4495,D,KUMBULLA,Roma,13,5.77,5.58,0,0,0,0,0,0,0,6,0,0
417,4498,C,HENDERSON L.,Empoli,34,6.0,6.21,2,0,0,0,0,0,3,4,0,0
418,4500,A,DI CARMINE,Verona,1,5.5,5.0,0,0,0,0,0,0,0,1,0,0
419,4501,C,OBIANG,Sassuolo,0,0.0,0.0,0,0,0,0,0,0,0,0,0,0
420,4507,A,TUTINO,Napoli,0,0.0,0.0,0,0,0,0,0,0,0,0,0,0
421,4510,A,RAFAEL LEAO,Milan,34,6.63,7.84,11,0,0,0,0,0,10,4,0,0
422,4514,C,NANDEZ,Cagliari,20,6.02,6.02,0,0,0,0,0,0,2,4,0,0
423,4515,C,AGUDELO,Spezia,23,5.89,6.26,3,0,0,0,0,0,1,1,1,0
424,4517,A,LOZANO,Napoli,29,6.12,6.76,5,0,0,0,0,0,5,3,0,0
425,4519,D,CETIN,Verona,1,6.0,6.0,0,0,0,0,0,0,0,0,0,0
426,4521,D,MULDUR,Sassuolo,25,5.72,5.62,0,0,0,0,0,0,0,5,0,0
427,4522,C,AMRABAT,Fiorentina,18,6.06,6.08,1,0,0,0,0,0,0,6,0,0
428,4525,P,GEMELLO,Torino,1,6.5,6.5,0,0,0,0,0,0,0,0,0,0
429,4530,D,KYRIAKOPOULOS,Sassuolo,25,5.88,5.92,0,0,0,0,0,0,5,6,1,0
430,4658,C,IKONE',Fiorentina,15,5.87,6.1,1,0,0,0,0,0,1,1,0,0
431,4661,A,OSIMHEN,Napoli,27,6.48,7.98,14,0,0,0,0,0,2,5,1,0
432,4681,C,LOPEZ M.,Sassuolo,34,6.09,6.1,2,0,0,0,0,0,1,14,0,0
433,4693,C,AMIRI,Genoa,12,6.04,6.12,0,0,0,0,0,0,1,0,0,0
434,4701,C,CUISANCE,Venezia,13,5.69,5.62,0,0,0,0,0,0,0,2,0,0
435,4719,D,AMPADU,Venezia,29,5.83,5.69,0,0,0,0,0,0,3,10,2,0
436,4725,C,DEMME,Napoli,13,5.92,6.0,1,0,0,0,0,0,0,4,0,0
437,4751,D,TOMORI,Milan,31,6.29,6.23,0,0,0,0,0,0,0,4,0,0
438,4758,D,BENKOVIC,Udinese,0,0.0,0.0,0,0,0,0,0,0,0,0,0,0
439,4775,D,TUANZEBE,Napoli,0,0.0,0.0,0,0,0,0,0,0,0,0,0,0
440,4825,C,DIAZ B.,Milan,29,6.07,6.41,3,0,0,0,0,0,3,4,0,0
441,4867,P,TURATI,Sassuolo,0,0.0,0.0,0,0,0,0,0,0,0,0,0,0
442,4869,C,DOMINGUEZ,Bologna,27,6.06,6.02,0,0,0,0,0,0,3,8,0,0
443,4881,D,CZYBORRA,Genoa,0,0.0,0.0,0,0,0,0,0,0,0,0,0,0
444,4884,A,CARLES PEREZ,Roma,14,5.93,6.14,1,0,0,0,0,0,1,2,0,0
445,4885,C,VILLAR,Roma,0,0.0,0.0,0,0,0,0,0,0,0,0,0,0
446,4886,C,PEREIRO,Cagliari,18,6.0,6.78,4,0,0,0,0,0,2,1,0,0
447,4887,D,BELLANOVA,Cagliari,31,5.82,5.9,1,0,0,0,0,0,1,3,0,0
448,4888,D,SUTALO,Verona,18,5.78,5.78,0,0,0,0,0,0,0,0,0,0
449,4890,C,TAMEZE,Verona,36,6.25,6.58,4,0,0,0,0,0,2,4,0,0
450,4891,D,SOUMAORO,Bologna,27,5.83,5.57,0,0,0,0,0,0,0,6,2,1
451,4892,C,SAELEMAEKERS,Milan,34,6.01,6.16,1,0,0,0,0,0,3,2,0,0
452,4894,C,HARASLIN,Sassuolo,0,0.0,0.0,0,0,0,0,0,0,0,0,0,0
453,4895,D,YOSHIDA,Sampdoria,24,5.67,5.92,2,0,0,0,0,0,3,2,0,1
454,4896,C,MALDINI,Milan,3,6.33,7.17,1,0,0,0,0,0,0,1,0,0
455,4899,D,SINGO,Torino,35,6.17,6.44,3,0,0,0,0,0,4,5,1,0
456,4904,D,MARI',Udinese,15,6.27,6.57,2,0,0,0,0,0,0,1,1,0
457,4919,C,BALDURSSON,Bologna,0,0.0,0.0,0,0,0,0,0,0,0,0,0,0
458,4921,C,ASKILDSEN,Sampdoria,15,5.8,5.5,0,0,0,0,0,0,0,5,0,1
459,4925,D,CARBONI,Cagliari,28,5.64,5.46,0,0,0,0,0,0,0,6,0,1
460,4932,D,BALLARINI,Udinese,0,0.0,0.0,0,0,0,0,0,0,0,0,0,0
461,4934,D,LOVATO,Cagliari,21,5.98,5.86,0,0,0,0,0,0,0,5,0,0
462,4935,C,LADINETTI,Cagliari,0,0.0,0.0,0,0,0,0,0,0,0,0,0,0
463,4936,A,MANZARI,Sassuolo,0,0.0,0.0,0,0,0,0,0,0,0,0,0,0
464,4938,A,MORO,Lazio,7,5.93,6.07,0,0,0,0,0,0,1,0,0,0
465,4940,A,GAGLIANO,Cagliari,0,0.0,0.0,0,0,0,0,0,0,0,0,0,0
466,4945,D,CALAFIORI,Genoa,4,5.62,5.62,0,0,0,0,0,0,1,3,0,0
467,4946,D,FRABOTTA,Verona,1,6.0,6.0,0,0,0,0,0,0,0,0,0,0
468,4950,D,DALLE MURA,Fiorentina,0,0.0,0.0,0,0,0,0,0,0,0,0,0,0
469,4953,C,PALUMBO,Juventus,0,0.0,0.0,0,0,0,0,0,0,0,0,0,0
470,4957,P,MONTIPO',Verona,34,6.09,4.69,0,50,1,0,0,0,0,1,0,0
471,4964,P,VICARIO,Empoli,38,6.42,4.72,0,70,2,0,0,0,0,1,0,0
472,4965,C,MARIN,Cagliari,36,5.9,5.96,0,0,0,0,0,0,5,4,1,0
473,4970,C,MESSIAS,Milan,26,6.0,6.62,5,0,0,0,0,0,2,2,0,0
474,4973,C,MCKENNIE,Juventus,19,6.18,6.63,3,0,0,0,0,0,0,1,0,0
475,4975,C,ESCALANTE,Lazio,0,0.0,0.0,0,0,0,0,0,0,0,0,0,0
476,4976,D,KALULU,Milan,24,6.33,6.46,1,0,0,0,0,0,2,4,0,0
477,4977,P,RAVAGLIA,Sampdoria,1,6.0,5.0,0,1,0,0,0,0,0,0,0,0
478,4978,C,DAMSGAARD,Sampdoria,9,5.78,5.72,0,0,0,0,0,0,0,1,0,0
479,4979,D,AYHAN,Sassuolo,18,5.81,5.86,1,0,0,0,0,0,0,2,1,0
480,4981,P,KRAPIKAS,Spezia,0,0.0,0.0,0,0,0,0,0,0,0,0,0,0
481,4982,D,ERLIC,Spezia,30,5.95,6.07,2,0,0,0,0,0,0,5,0,0
482,4983,D,FERRER,Spezia,23,5.87,5.93,0,0,0,0,0,0,3,3,0,0
483,4984,D,RAMOS,Spezia,0,0.0,0.0,0,0,0,0,0,0,0,0,0,0
484,4985,D,VIGNALI,Spezia,1,4.5,4.5,0,0,0,0,0,0,0,0,0,0
485,4988,C,MAGGIORE,Spezia,35,6.07,6.2,2,0,0,0,0,0,3,9,0,0
486,4992,A,GYASI,Spezia,36,5.78,6.08,6,0,0,0,0,0,0,10,0,1
487,4994,D,VOJVODA,Torino,29,6.02,6.07,0,0,0,0,0,0,3,3,0,0
488,4995,C,SEGRE,Torino,0,0.0,0.0,0,0,0,0,0,0,0,0,0,0
489,4996,P,PANDUR,Verona,3,6.17,4.17,0,6,0,0,0,0,0,0,0,0
490,4997,D,RUEGG,Verona,0,0.0,0.0,0,0,0,0,0,0,0,0,0,0
491,4998,D,MOLINA N.,Udinese,35,6.04,6.6,7,0,0,0,0,0,2,5,1,0
492,5001,C,MIRANCHUK,Atalanta,18,5.89,6.44,2,0,0,0,0,0,4,0,0,0
493,5004,A,FORESTIERI,Udinese,3,6.83,9.0,2,0,0,0,0,0,1,1,0,0
494,5005,P,ZOET,Spezia,7,5.79,3.5,0,19,1,0,0,0,0,0,0,0
495,5007,C,ILIC,Verona,32,6.06,6.08,1,0,0,0,0,0,3,5,1,1
496,5010,D,ISMAJLI,Empoli,17,5.5,5.06,0,0,0,0,0,0,0,7,0,2
497,5012,A,MURIQI,Lazio,5,5.7,5.6,0,0,0,0,0,0,0,1,0,0
498,5017,D,BALLO-TOURE',Milan,7,5.64,5.5,0,0,0,0,0,0,0,2,0,0
499,5060,A,AKE' M.,Juventus,2,6.0,5.75,0,0,0,0,0,0,0,1,0,0
500,5119,C,SAMARDZIC,Udinese,13,6.12,6.73,2,0,0,0,0,0,2,0,0,0
501,5233,A,MAYORAL,Roma,2,5.75,5.75,0,0,0,0,0,0,0,0,0,0
502,5286,C,AKPA AKPRO,Lazio,6,5.33,5.25,0,0,0,0,0,0,0,1,0,0
503,5287,C,ARSLAN,Udinese,29,6.02,5.97,1,0,0,0,0,0,0,9,0,0
504,5292,A,LAMMERS,Atalanta,1,6.0,6.0,0,0,0,0,0,0,0,0,0,0
505,5298,C,POBEGA,Torino,31,6.26,6.5,4,0,0,0,0,0,1,11,0,0
506,5300,D,HICKEY,Bologna,36,5.83,6.18,5,0,0,0,0,0,1,7,0,0
507,5304,P,BOER,Roma,0,0.0,0.0,0,0,0,0,0,0,0,0,0,0
508,5306,P,ALIA,Lazio,0,0.0,0.0,0,0,0,0,0,0,0,0,0,0
509,5310,A,HAUGE,Milan,0,0.0,0.0,0,0,0,0,0,0,0,0,0,0
510,5311,A,SHOMURODOV,Roma,20,6.1,6.72,3,0,0,0,0,0,4,2,0,0
511,5312,C,LEO' SENA,Spezia,0,0.0,0.0,0,0,0,0,0,0,0,0,0,0
512,5316,D,AMIONE,Verona,0,0.0,0.0,0,0,0,0,0,0,0,0,0,0
513,5322,A,MIHAILA,Atalanta,2,5.5,5.5,0,0,0,0,0,0,0,0,0,0
514,5323,D,MARTINEZ QUARTA,Fiorentina,18,5.81,5.75,1,0,0,0,0,0,0,8,0,0
515,5329,C,MAKENGO,Udinese,33,5.91,5.98,1,0,0,0,0,0,3,5,1,0
516,5332,D,BASTONI S.,Spezia,29,6.12,6.41,3,0,0,0,0,0,3,5,1,0
517,5333,P,GASPARINI,Udinese,0,0.0,0.0,0,0,0,0,0,0,0,0,0,0
518,5336,A,NZOLA,Spezia,16,5.88,6.28,2,0,0,0,0,0,1,2,0,0
519,5346,C,ROJAS,Bologna,0,0.0,0.0,0,0,0,0,0,0,0,0,0,0
520,5354,D,RUGGERI,Salernitana,13,5.85,5.81,0,0,0,0,0,0,0,1,0,0
521,5355,D,UDOGIE,Udinese,34,6.0,6.47,5,0,0,0,0,0,3,4,0,0
522,5360,A,VERGANI,Salernitana,1,5.5,5.5,0,0,0,0,0,0,0,0,0,0
523,5365,D,DRAGUSIN,Salernitana,18,5.72,5.67,0,0,0,0,0,0,0,2,0,0
524,5375,D,MAEHLE,Atalanta,23,5.83,5.96,1,0,0,0,0,0,1,2,0,0
525,5378,A,ODDEI,Sassuolo,0,0.0,0.0,0,0,0,0,0,0,0,0,0,0
526,5391,A,KOKORIN,Fiorentina,2,6.0,6.0,0,0,0,0,0,0,0,1,0,0
527,5397,C,KOVALENKO,Spezia,22,5.86,6.07,1,0,0,0,0,0,3,4,0,0
528,5398,D,REYNOLDS,Roma,0,0.0,0.0,0,0,0,0,0,0,0,0,0,0
529,5420,C,DARBOE,Roma,1,6.0,6.0,0,0,0,0,0,0,0,0,0,0
530,5422,C,ZALEWSKI,Roma,13,5.85,5.81,0,0,0,0,0,0,0,1,0,0
531,5423,C,BOVE,Roma,2,6.5,8.0,1,0,0,0,0,0,0,0,0,0
532,5424,D,AMEY,Bologna,1,6.5,6.5,0,0,0,0,0,0,0,0,0,0
533,5425,C,URBANSKI,Bologna,1,5.5,5.5,0,0,0,0,0,0,0,0,0,0
534,5436,A,RAIMONDO,Bologna,1,6.0,6.0,0,0,0,0,0,0,0,0,0,0
535,5439,A,KALLON,Genoa,13,5.88,5.85,0,0,0,0,0,0,1,3,0,0
536,5444,C,CORTINOVIS,Atalanta,0,0.0,0.0,0,0,0,0,0,0,0,0,0,0
537,5445,D,BINKS,Bologna,11,5.91,5.77,0,0,0,0,0,0,0,3,0,0
538,5446,A,VAN HOOIJDONK,Bologna,1,6.0,6.0,0,0,0,0,0,0,0,0,0,0
539,5447,D,ALTARE,Cagliari,19,5.97,6.0,1,0,0,0,0,0,0,5,0,0
540,5448,P,FURLAN,Empoli,0,0.0,0.0,0,0,0,0,0,0,0,0,0,0
541,5449,D,PARISI,Empoli,23,5.91,5.85,0,0,0,0,0,0,1,5,0,0
542,5450,D,STOJANOVIC,Empoli,33,5.83,5.79,1,0,0,0,0,0,1,9,1,0
543,5451,C,BAJRAMI,Empoli,34,6.25,6.88,3,0,0,3,3,0,5,3,0,0
544,5452,C,DAMIANI,Empoli,0,0.0,0.0,0,0,0,0,0,0,0,0,0,0
545,5453,C,RICCI S.,Torino,30,5.88,5.95,1,0,0,0,0,0,1,2,1,0
546,5454,A,MANCUSO,Empoli,7,5.86,6.29,1,0,0,0,0,0,0,0,0,0
547,5455,A,MOREO,Empoli,0,0.0,0.0,0,0,0,0,0,0,0,0,0,0
548,5456,D,FERRARINI,Fiorentina,0,0.0,0.0,0,0,0,0,0,0,0,0,0,0
549,5457,C,MALEH,Fiorentina,23,6.07,6.26,2,0,0,0,0,0,1,5,0,0
550,5458,A,MUNTEANU,Fiorentina,0,0.0,0.0,0,0,0,0,0,0,0,0,0,0
551,5459,A,BUKSA,Genoa,1,5.0,5.0,0,0,0,0,0,0,0,0,0,0
552,5460,A,SATRIANO,Inter,2,6.0,6.0,0,0,0,0,0,0,0,0,0,0
553,5461,D,KAMENOVIC,Lazio,1,5.5,5.5,0,0,0,0,0,0,0,0,0,0
554,5462,C,CIERVO,Sassuolo,7,6.0,6.14,0,0,0,0,0,0,1,0,0,0
555,5463,D,AYA,Salernitana,2,5.0,4.75,0,0,0,0,0,0,0,1,0,0
556,5464,D,BOGDAN,Salernitana,6,5.25,5.25,0,0,0,0,0,0,0,0,0,0
557,5465,D,SY,Salernitana,0,0.0,0.0,0,0,0,0,0,0,0,0,0,0
558,5466,D,STRANDBERG,Salernitana,11,5.68,5.41,0,0,0,0,0,0,0,0,1,1
559,5467,C,BOULTAM,Salernitana,0,0.0,0.0,0,0,0,0,0,0,0,0,0,0
560,5468,C,CAVION,Salernitana,0,0.0,0.0,0,0,0,0,0,0,0,0,0,0
561,5469,C,DI TACCHIO,Salernitana,16,5.56,5.34,0,0,0,0,0,0,0,3,0,1
562,5470,C,SCHIAVONE,Salernitana,11,5.95,6.18,1,0,0,0,0,0,0,1,0,0
563,5471,A,DJURIC,Salernitana,32,6.05,6.55,4,0,0,1,1,0,4,6,0,0
564,5472,A,KRISTOFFERSEN,Salernitana,0,0.0,0.0,0,0,0,0,0,0,0,0,0,0
565,5473,D,KAIQUE ROCHA,Sampdoria,0,0.0,0.0,0,0,0,0,0,0,0,0,0,0
566,5475,D,AMIAN,Spezia,32,5.72,5.67,1,0,0,0,0,0,1,7,2,0
567,5476,C,KORNVIG,Spezia,0,0.0,0.0,0,0,0,0,0,0,0,0,0,0
568,5477,A,WARMING,Torino,2,6.0,6.0,0,0,0,0,0,0,0,0,0,0
569,5478,P,MAENPAA,Venezia,17,6.03,4.47,0,27,0,0,0,0,1,1,0,0
570,5479,D,CECCARONI,Venezia,35,5.8,5.87,2,0,0,0,0,0,1,7,1,0
571,5480,D,EBUEHI,Venezia,17,5.59,5.5,0,0,0,0,0,0,0,1,1,0
572,5481,D,MAZZOCCHI,Salernitana,32,5.84,5.83,0,0,0,0,0,0,2,5,0,0
573,5482,D,MODOLO,Venezia,5,6.0,5.8,0,0,0,0,0,0,0,2,0,0
574,5483,D,SCHNEGG,Venezia,3,5.67,5.67,0,0,0,0,0,0,0,1,0,0
575,5484,D,SVOBODA,Venezia,18,5.53,5.42,0,0,0,0,0,0,0,2,1,0
576,5485,C,BJARKASON,Venezia,0,0.0,0.0,0,0,0,0,0,0,0,0,0,0
577,5486,C,CRNIGOJ,Venezia,32,5.97,6.23,3,0,0,0,0,0,1,3,0,0
578,5487,C,HEYMANS,Venezia,6,5.83,5.67,0,0,0,0,0,0,1,4,0,0
579,5488,C,FIORDILINO,Venezia,13,5.85,5.77,0,0,0,0,0,0,0,2,0,0
580,5489,C,PECILE,Venezia,0,0.0,0.0,0,0,0,0,0,0,0,0,0,0
581,5490,C,PERETZ,Venezia,15,5.9,5.93,0,0,0,0,0,0,1,2,0,0
582,5491,C,TAUGOURDEAU,Venezia,0,0.0,0.0,0,0,0,0,0,0,0,0,0,0
583,5492,C,TESSMANN,Venezia,17,5.65,5.56,0,0,0,0,0,0,0,1,1,0
584,5493,A,BOCALON,Venezia,0,0.0,0.0,0,0,0,0,0,0,0,0,0,0
585,5494,A,DI MARIANO,Venezia,1,5.5,5.5,0,0,0,0,0,0,0,0,0,0
586,5495,A,FORTE,Venezia,7,5.86,6.14,1,0,0,0,0,0,0,3,0,0
587,5496,A,JOHNSEN,Venezia,25,5.9,6.06,1,0,0,0,0,0,2,2,0,0
588,5498,D,CASALE,Verona,34,5.85,5.75,0,0,0,0,0,0,1,10,0,0
589,5499,C,HONGLA,Verona,13,5.77,5.88,1,0,0,0,0,0,0,3,0,0
590,5500,A,CANCELLIERI,Verona,5,6.1,6.6,1,0,0,0,0,0,0,1,0,0
591,5501,C,SIGURDSSON A.,Venezia,6,5.75,5.75,0,0,0,0,0,0,0,0,0,0
592,5502,P,ADAMONIS,Lazio,0,0.0,0.0,0,0,0,0,0,0,0,0,0,0
593,5503,D,KECHRIDA,Salernitana,14,5.86,5.93,0,0,0,0,0,0,1,0,0,0
594,5504,C,COULIBALY L.,Salernitana,31,5.79,5.74,0,0,0,0,0,0,0,3,0,0
595,5505,A,KAIO JORGE,Juventus,2,5.75,5.75,0,0,0,0,0,0,0,0,0,0
596,5506,A,EKUBAN,Genoa,29,5.71,5.84,1,0,0,0,0,0,2,2,0,0
597,5507,C,BUSIO,Venezia,28,5.88,5.88,1,0,0,0,0,0,1,8,0,0
598,5508,C,VACCA,Venezia,21,5.86,5.74,0,0,0,0,0,0,0,5,0,0
599,5509,D,VINA,Roma,23,5.74,5.74,0,0,0,0,0,0,1,2,0,0
600,5510,C,ROMERO L.,Lazio,2,5.5,5.5,0,0,0,0,0,0,0,0,0,0
601,5511,C,MATHEUS HENRIQUE,Sassuolo,20,5.88,5.8,0,0,0,0,0,0,0,3,0,0
602,5512,A,DE LUCA,Sampdoria,0,0.0,0.0,0,0,0,0,0,0,0,0,0,0
603,5513,D,DUMFRIES,Inter,32,6.22,6.77,5,0,0,0,0,0,4,3,0,0
604,5514,D,VASQUEZ,Genoa,28,5.89,5.88,1,0,0,0,0,0,0,7,0,0
605,5515,A,OKEREKE,Venezia,30,5.92,6.5,7,0,0,0,0,0,0,5,1,0
606,5516,C,BIANCO,Fiorentina,0,0.0,0.0,0,0,0,0,0,0,0,0,0,0
607,5517,C,YEPES,Sampdoria,0,0.0,0.0,0,0,0,0,0,0,0,0,0,0
608,5518,P,MARFELLA,Napoli,0,0.0,0.0,0,0,0,0,0,0,0,0,0,0
609,5519,C,SHER,Spezia,1,6.0,6.0,0,0,0,0,0,0,0,0,0,0
610,5520,D,CAMBIASO,Genoa,25,5.94,6.12,1,0,0,0,0,0,4,3,1,0
611,5521,P,BERTINATO,Venezia,0,0.0,0.0,0,0,0,0,0,0,0,0,0,0
612,5523,A,BIANCHI F.,Genoa,6,5.75,6.25,1,0,0,0,0,0,0,0,0,0
613,5524,D,SERPE,Genoa,1,5.5,5.5,0,0,0,0,0,0,0,0,0,0
614,5525,A,GALAZZI,Venezia,1,6.0,6.0,0,0,0,0,0,0,0,0,0,0
615,5526,D,SCALVINI,Atalanta,14,5.96,6.14,1,0,0,0,0,0,0,1,0,0
616,5527,D,ZANOLI,Napoli,6,5.92,5.75,0,0,0,0,0,0,0,2,0,0
617,5528,P,ZOVKO,Spezia,1,6.0,6.0,0,0,0,0,0,0,0,0,0,0
618,5529,A,HENRY,Venezia,32,6.0,6.69,9,0,0,0,0,0,2,4,1,2
619,5673,A,ANTISTE,Spezia,15,5.77,5.97,1,0,0,0,0,0,0,0,0,0
620,5674,C,BASIC,Lazio,20,5.85,5.88,0,0,0,0,0,0,2,3,0,0
621,5675,D,THEATE,Bologna,30,5.92,6.05,2,0,0,0,0,0,1,6,0,0
622,5676,A,SUCCESS,Udinese,19,6.26,6.82,2,0,0,0,0,0,6,1,1,0
623,5677,D,PEREZ N.,Udinese,20,5.75,5.65,0,0,0,0,0,0,1,6,0,0
624,5678,D,HOLM,Spezia,0,0.0,0.0,0,0,0,0,0,0,0,0,0,0
625,5682,P,MOLLA,Bologna,0,0.0,0.0,0,0,0,0,0,0,0,0,0,0
626,5684,C,TOURE' A.,Genoa,7,5.5,5.43,0,0,0,0,0,0,0,1,0,0
627,5685,C,KOOPMEINERS,Atalanta,28,6.3,6.62,4,0,0,0,0,0,1,4,0,1
628,5686,D,SOPPY,Udinese,19,5.92,5.82,0,0,0,0,0,0,0,4,0,0
629,5688,C,HARROUI,Sassuolo,10,5.8,5.7,0,0,0,0,0,0,0,2,0,0
630,5689,C,IHATTAREN,Sampdoria,0,0.0,0.0,0,0,0,0,0,0,0,0,0,0
631,5690,A,STRELEC,Spezia,9,5.67,6.0,1,0,0,0,0,0,0,0,0,0
632,5691,D,ZIMA,Torino,18,5.89,5.81,0,0,0,0,0,0,0,3,0,0
633,5693,D,KIWIOR,Spezia,22,5.77,5.64,0,0,0,0,0,0,0,6,0,0
634,5694,A,BETO,Udinese,28,6.11,7.27,11,0,0,0,0,0,0,1,0,0
635,5695,D,HAPS,Venezia,25,5.84,5.88,1,0,0,0,0,0,1,6,0,0
636,5701,D,OBERT,Cagliari,4,5.88,5.88,0,0,0,0,0,0,0,0,0,0
637,5704,P,RUSSO,Salernitana,0,0.0,0.0,0,0,0,0,0,0,0,0,0,0
638,5705,C,GALDAMES,Genoa,18,5.64,5.58,0,0,0,0,0,0,0,2,0,0
639,5707,P,PIANA,Udinese,0,0.0,0.0,0,0,0,0,0,0,0,0,0,0
640,5713,P,NERI,Venezia,0,0.0,0.0,0,0,0,0,0,0,0,0,0,0
641,5714,A,GONDO,Salernitana,14,5.89,6.07,1,0,0,0,0,0,0,1,0,0
642,5716,A,PODGOREANU,Spezia,2,5.75,6.25,0,0,0,0,0,0,1,0,0,0
643,5718,D,VITI,Empoli,19,5.82,5.63,0,0,0,0,0,0,0,1,1,1
644,5719,C,ASLLANI,Empoli,18,6.0,6.17,1,0,0,0,0,0,1,2,0,0
645,5722,C,NGUIAMBA,Spezia,2,6.25,6.0,0,0,0,0,0,0,0,1,0,0
646,5725,C,KONE B.,Torino,1,5.0,5.0,0,0,0,0,0,0,0,0,0,0
647,5728,A,AFENA-GYAN,Roma,14,5.86,6.11,2,0,0,0,0,0,0,3,1,0
648,5732,A,DISTEFANO,Fiorentina,0,0.0,0.0,0,0,0,0,0,0,0,0,0,0
649,5734,A,SOULE',Juventus,0,0.0,0.0,0,0,0,0,0,0,0,0,0,0
650,5735,C,VOLPATO,Roma,1,7.0,10.0,1,0,0,0,0,0,0,0,0,0
651,5739,D,DE WINTER,Juventus,0,0.0,0.0,0,0,0,0,0,0,0,0,0,0
652,5740,D,ZANOTTI,Inter,0,0.0,0.0,0,0,0,0,0,0,0,0,0,0
653,5747,D,RUAN,Sassuolo,5,5.5,5.4,0,0,0,0,0,0,0,1,0,0
654,5748,D,HEFTI,Genoa,16,5.81,5.78,0,0,0,0,0,0,0,1,0,0
655,5750,D,OSTIGARD,Genoa,15,5.63,5.43,0,0,0,0,0,0,0,2,2,0
656,5753,A,SAMELE,Sassuolo,1,6.0,7.0,0,0,0,0,0,0,1,0,0,0
657,5755,A,YEBOAH,Genoa,17,5.71,5.71,0,0,0,0,0,0,1,2,0,0
658,5756,D,STANGA,Milan,0,0.0,0.0,0,0,0,0,0,0,0,0,0,0
659,5757,D,CITTADINI,Atalanta,0,0.0,0.0,0,0,0,0,0,0,0,0,0,0
660,5759,C,OLIVEIRA,Roma,13,5.85,6.12,1,0,0,1,1,0,0,5,0,0
661,5762,D,MOTOC,Salernitana,1,4.5,4.5,0,0,0,0,0,0,0,0,0,0
662,5763,D,PERRONE,Salernitana,1,6.0,6.0,0,0,0,0,0,0,0,0,0,0
663,5764,D,COPPOLA D.,Verona,3,5.83,5.83,0,0,0,0,0,0,0,0,0,0
664,5767,D,KERAMITSIS,Roma,0,0.0,0.0,0,0,0,0,0,0,0,0,0,0
665,5772,C,PYYHTIA,Bologna,1,6.0,6.0,0,0,0,0,0,0,0,0,0,0
666,5773,D,ULLMANN,Venezia,4,5.5,5.5,0,0,0,0,0,0,0,0,0,0
667,5776,A,CEIDE,Sassuolo,1,5.5,5.5,0,0,0,0,0,0,0,0,0,0
668,5779,D,ANNAN,Bologna,1,6.0,6.0,0,0,0,0,0,0,0,0,0,0
669,5780,A,DE NIPOTI,Atalanta,0,0.0,0.0,0,0,0,0,0,0,0,0,0,0
670,5781,C,SIDIBE A.,Atalanta,0,0.0,0.0,0,0,0,0,0,0,0,0,0,0
671,5782,C,KOURFALIDIS,Cagliari,1,6.0,6.0,0,0,0,0,0,0,0,0,0,0
672,5783,C,RUSSO AL.,Salernitana,1,6.0,6.0,0,0,0,0,0,0,0,0,0,0
673,5784,C,AEBISCHER,Bologna,8,5.88,5.81,0,0,0,0,0,0,0,1,0,0
674,5785,A,LAZETIC,Milan,0,0.0,0.0,0,0,0,0,0,0,0,0,0,0
675,5786,A,CABRAL,Fiorentina,12,6.0,6.54,2,0,0,0,0,0,1,1,0,0
676,5788,C,SABIRI,Sampdoria,13,6.15,6.88,3,0,0,0,0,0,2,3,0,0
677,5789,C,PRASZELIK,Verona,1,6.0,6.0,0,0,0,0,0,0,0,0,0,0
678,5791,C,FRENDRUP,Genoa,10,5.8,5.75,0,0,0,0,0,0,0,1,0,0
679,5792,C,EDERSON D.S.,Salernitana,15,6.17,6.47,2,0,0,0,0,0,1,5,0,0
680,5793,D,KASIUS,Bologna,5,5.9,5.9,0,0,0,0,0,0,0,0,0,0
681,5796,A,SUPRYAGA,Sampdoria,1,5.5,5.5,0,0,0,0,0,0,0,0,0,0
682,5797,A,NSAME,Venezia,10,5.85,5.95,0,0,0,0,0,0,1,0,0,0
683,5798,C,BOHINEN,Salernitana,10,5.95,5.8,0,0,0,0,0,0,1,5,0,0
684,5800,C,GUDMUNDSSON A.,Genoa,11,5.68,5.82,1,0,0,0,0,0,0,3,0,0
685,5801,A,MOUSSET,Salernitana,4,5.75,5.75,0,0,0,0,0,0,1,2,0,0
686,5802,A,MIKAEL,Salernitana,4,6.12,6.12,0,0,0,0,0,0,0,0,0,0
687,5804,D,CACACE,Empoli,8,5.81,5.75,0,0,0,0,0,0,0,1,0,0
688,5806,A,SECK,Torino,3,6.0,6.0,0,0,0,0,0,0,0,0,0,0
689,5807,A,JOVANE,Lazio,3,5.83,6.83,1,0,0,0,0,0,0,0,0,0
690,5808,A,GIOVINCO,Sampdoria,2,6.0,6.0,0,0,0,0,0,0,0,0,0,0
691,5810,C,TRIMBOLI,Sampdoria,3,5.83,5.67,0,0,0,0,0,0,0,1,0,0
692,5812,C,TERRACCIANO F.,Verona,0,0.0,0.0,0,0,0,0,0,0,0,0,0,0
693,5813,C,MIRETTI,Juventus,4,6.0,6.0,0,0,0,0,0,0,0,0,0,0
694,5814,A,CISSE' M.,Atalanta,1,7.0,10.0,1,0,0,0,0,0,0,0,0,0
695,5817,A,BAH,Venezia,0,0.0,0.0,0,0,0,0,0,0,0,0,0,0
696,5820,D,BERTOLA,Spezia,1,6.5,6.5,0,0,0,0,0,0,0,0,0,0
697,5821,D,STIVANELLO,Bologna,1,6.5,6.5,0,0,0,0,0,0,0,0,0,0
698,5822,P,BAGNOLINI,Bologna,0,0.0,0.0,0,0,0,0,0,0,0,0,0,0
699,5823,C,BALDANZI,Empoli,1,6.0,6.0,0,0,0,0,0,0,0,0,0,0
700,5824,C,PAFUNDI,Udinese,1,6.0,6.0,0,0,0,0,0,0,0,0,0,0
701,5825,A,MIKAELSSON,Venezia,1,6.0,6.0,0,0,0,0,0,0,0,0,0,0
702,5826,C,LEAL,Venezia,0,0.0,0.0,0,0,0,0,0,0,0,0,0,0
703,5828,C,PINZI R.,Udinese,0,0.0,0.0,0,0,0,0,0,0,0,0,0,0
